구분,유통사,사업자명,사업자등록번호,7월 상품명,7월 판매건수,7월 매출액,7월 판촉액(쿠폰),8월 누적데이터 상태,원인 분석
농산물,네이버,여주시농협조합공동사업법인,126-82-11620,"여주시농협RPC 대왕님표 여주쌀 진상미 당일도정 25년 햅쌀 10kg, 1개 [원산지:국산(경기도 여주시)]",2393,104954500,4684290,미존재 (누락),스마트스토어 상품/옵션 삭제 또는 8월 기획전 로우데이터 연동 누락
농산물,네이버,별마루농원,508-90-95905,신비복숭아 황도 백도 황도복숭아 쫀득이 딱딱이 선물용 프리미엄 복숭아 3kg 별마루농원 [원산지:국산(경상북도 의성군)],2057,86769670,4883600,미존재 (누락),스마트스토어 상품/옵션 삭제 또는 8월 기획전 로우데이터 연동 누락
농산물,네이버,농업회사법인(주)운림가,412-81-31307,운림가 55년전통 국산 알타리 총각김치 2kg [원산지:국산],2743,52666800,164960,미존재 (누락),스마트스토어 상품/옵션 삭제 또는 8월 기획전 로우데이터 연동 누락
농산물,네이버,농업회사법인(주)운림가,412-81-31307,운림가 55년전통 국내산 쪽 파김치 1kg [원산지:국산],2217,45657100,191600,미존재 (누락),스마트스토어 상품/옵션 삭제 또는 8월 기획전 로우데이터 연동 누락
농산물,네이버,여주시농협조합공동사업법인,126-82-11620,"여주시농협RPC 대왕님표 여주쌀 진상미 당일도정 25년 햅쌀 10kg, 2개 [원산지:국산(경기도 여주시)]",338,44247000,350000,미존재 (누락),스마트스토어 상품/옵션 삭제 또는 8월 기획전 로우데이터 연동 누락
농산물,네이버,농업회사법인 랑이네세상 주식회사,488-88-03205,25년 햅쌀/삼광 고시히카리 10Kg 강화섬쌀 최근 도정 신선한 랑이네 갓 도정쌀 정미소직판 [원산지:국산(인천광역시 강화군)],991,39641300,4488490,미존재 (누락),스마트스토어 상품/옵션 삭제 또는 8월 기획전 로우데이터 연동 누락
농산물,네이버,청운유통,540-93-02100,"[농할쿠폰] 한돈 삼겹살 구이용 냉장, 500g, 2개 [원산지:국산]",681,19334100,363740,미존재 (누락),스마트스토어 상품/옵션 삭제 또는 8월 기획전 로우데이터 연동 누락
농산물,네이버,팜166,593-91-01533,자두 도담자두 의성옥자두 후무사 대석 5kg GAP [원산지:국산(경상북도 의성군)],356,15279260,1160980,미존재 (누락),스마트스토어 상품/옵션 삭제 또는 8월 기획전 로우데이터 연동 누락
농산물,네이버,로토정,701-93-02082,로토정 유럽종 완숙토마토 5kg [원산지:국산(경상북도 봉화군)],426,8812400,101200,미존재 (누락),스마트스토어 상품/옵션 삭제 또는 8월 기획전 로우데이터 연동 누락
농산물,네이버,팜166,593-91-01533,복숭아 황도 양홍장 건강한 정직한 고당도 프리미엄 가을복숭아 반딱딱이 의성햇살어린 4kg [원산지:국산(경상북도 의성군)],238,8152930,669540,미존재 (누락),스마트스토어 상품/옵션 삭제 또는 8월 기획전 로우데이터 연동 누락
농산물,네이버,농업회사법인 랑이네세상 주식회사,488-88-03205,백미·7분도 5kg/25년 고시히카리 햅쌀/당일도정 특등급/랑이네갓도정쌀 지퍼백포장 [원산지:국산(인천광역시 강화군)],217,7669100,203450,미존재 (누락),스마트스토어 상품/옵션 삭제 또는 8월 기획전 로우데이터 연동 누락
농산물,네이버,청운유통,540-93-02100,"[농할쿠폰] 한돈 목살 구이용 냉장, 500g, 2개 [원산지:국산]",198,5924200,171480,미존재 (누락),스마트스토어 상품/옵션 삭제 또는 8월 기획전 로우데이터 연동 누락
농산물,네이버,농업회사법인 유한회사 해오름팜농장,209-87-01228,농부가바로팜 무항생제 Non-Gmo 동물복지 유정란 60구 신선계란 난각번호2번 [원산지:국산(전라남도 나주시)],145,5408020,796330,미존재 (누락),스마트스토어 상품/옵션 삭제 또는 8월 기획전 로우데이터 연동 누락
농산물,네이버,온드리 목장,519-33-01006,온드리목장 500g 무가당 꾸덕한 그릭요거트 산미없이 고소한 [원산지:국산(전라남도 화순군)],367,5219500,333680,미존재 (누락),스마트스토어 상품/옵션 삭제 또는 8월 기획전 로우데이터 연동 누락
농산물,네이버,영농조합법인아농이,308-81-31629,고창 하우스 당도선별 아삭한 꿀수박 산지직송 5kg 6kg 7kg 8kg 9kg [원산지:국산 등],164,4300400,0,미존재 (누락),스마트스토어 상품/옵션 삭제 또는 8월 기획전 로우데이터 연동 누락
농산물,네이버,여주시농협조합공동사업법인,126-82-11620,"여주시농협RPC 대왕님표 여주쌀 현미 진상 당일도정 25년 햅쌀 10kg, 1개 [원산지:국산(경기도 여주시)]",80,3433500,51600,미존재 (누락),스마트스토어 상품/옵션 삭제 또는 8월 기획전 로우데이터 연동 누락
농산물,네이버,감익는마을 천연식초,615-19-39008,감익는마을 7년숙성 천연 감식초 1.5L 항아리발효 자연침전 무설탕 무첨가 [원산지:국산(경상남도 밀양시)],80,2122000,175800,미존재 (누락),스마트스토어 상품/옵션 삭제 또는 8월 기획전 로우데이터 연동 누락
농산물,네이버,영농조합법인아농이,308-81-31629,복숭아 신비복숭아 납작복숭아 대극천 딱복 물복 말랑이 황도 백도 신선 경봉 [원산지:국산(경상북도 경산시) 등],74,1901600,116480,미존재 (누락),스마트스토어 상품/옵션 삭제 또는 8월 기획전 로우데이터 연동 누락
농산물,네이버,예다움곶감,540-96-00855,예다움 상주 곶감 반건시 크림치즈호두말이 곶감단지 실속형 가정용 디저트 선물세트 와인안주 [원산지:상세설명에 표시],51,1826300,36180,미존재 (누락),스마트스토어 상품/옵션 삭제 또는 8월 기획전 로우데이터 연동 누락
농산물,네이버,달아유과수원,821-15-02618,[달과] 꿀당도 칠곡 복숭아 1.5kg 선물용 황도 백도 천중도 망고맛 빅복숭아 신선 과일 / 달아유과수원 [원산지:국산(경상북도 칠곡군)],47,1704600,80240,미존재 (누락),스마트스토어 상품/옵션 삭제 또는 8월 기획전 로우데이터 연동 누락
농산물,네이버,제주점순이네,372-94-01830,[당일발송]제주 미니단호박 밤호박 보우짱 1kg 2kg 3kg 5kg 10kg 가정용 산지직송 [원산지:국산(제주특별자치도 서귀포시)],48,1673000,82000,미존재 (누락),스마트스토어 상품/옵션 삭제 또는 8월 기획전 로우데이터 연동 누락
농산물,네이버,온드리 목장,519-33-01006,온드리목장 500g 무지방 무가당 그릭요거트 [원산지:국산(전라남도 화순군)],133,1604300,65960,미존재 (누락),스마트스토어 상품/옵션 삭제 또는 8월 기획전 로우데이터 연동 누락
농산물,네이버,로토정,701-93-02082,GAP 토마토 2.5kg 유럽종 완숙토마토 [원산지:국산(경상북도 봉화군)],144,1586600,30050,미존재 (누락),스마트스토어 상품/옵션 삭제 또는 8월 기획전 로우데이터 연동 누락
농산물,네이버,현풍떡갈비,671-67-00557,"아기떡갈비 한우 한돈 수제 패티 현풍 세가지맛 3팩, 90g, 15개 [원산지:상세설명에 표시]",46,1556900,81520,미존재 (누락),스마트스토어 상품/옵션 삭제 또는 8월 기획전 로우데이터 연동 누락
농산물,네이버,영농조합법인아농이,308-81-31629,경북 김천 산지직송 당일수확 햇 자두 1kg 가정용 [원산지:국산 등],45,1330700,0,미존재 (누락),스마트스토어 상품/옵션 삭제 또는 8월 기획전 로우데이터 연동 누락
농산물,네이버,예다움곶감,540-96-00855,예다움 상주곶감 반건시 명절 상견례 선물세트 곶감단지 크림치즈호두말이 [원산지:상세설명에 표시],19,1178600,68560,미존재 (누락),스마트스토어 상품/옵션 삭제 또는 8월 기획전 로우데이터 연동 누락
농산물,네이버,농업회사법인 랑이네세상 주식회사,488-88-03205,2kg 백미/25년 고시히카리 햅쌀/당일도정 특등급 선물용 정미소직판 [원산지:국산(인천광역시 강화군)],55,1014100,27680,미존재 (누락),스마트스토어 상품/옵션 삭제 또는 8월 기획전 로우데이터 연동 누락
농산물,네이버,맑은농장,577-94-01721,프리미엄 맑은농장 김천자두 5kg(왕왕특고당도) 후무사자두,13,830500,80000,미존재 (누락),스마트스토어 상품/옵션 삭제 또는 8월 기획전 로우데이터 연동 누락
농산물,네이버,농업회사법인 유한회사 해오름팜농장,209-87-01228,농부가바로팜 무항생제 동물복지 유정란 60구 신선계란 난각번호2번 [원산지:국산(전라남도 나주시)],20,722300,17800,미존재 (누락),스마트스토어 상품/옵션 삭제 또는 8월 기획전 로우데이터 연동 누락
농산물,네이버,(주)한마당,670-81-01262,[오동리 콩국수]파주장단콩과 자가생면 걸쭉하고 크리미한 콩국물(680g 콩국물 실온보관) [원산지:국산(경기도 파주시)],35,687000,9000,미존재 (누락),스마트스토어 상품/옵션 삭제 또는 8월 기획전 로우데이터 연동 누락
농산물,네이버,농업회사법인 유한회사 해오름팜농장,209-87-01228,농부가바로팜 무항생제 Non-Gmo 동물복지 유정란 40구 신선계란 난각번호2번 [원산지:국산(전라남도 나주시)],21,641000,36550,미존재 (누락),스마트스토어 상품/옵션 삭제 또는 8월 기획전 로우데이터 연동 누락
농산물,네이버,농업회사법인 랑이네세상 주식회사,488-88-03205,현미 5Kg / 25년 고시히카리 햅쌀 랑이네 갓도정쌀 강화섬쌀 지퍼백 당일도정 [원산지:국산(인천광역시 강화군)],15,551000,12560,미존재 (누락),스마트스토어 상품/옵션 삭제 또는 8월 기획전 로우데이터 연동 누락
농산물,네이버,제주점순이네,372-94-01830,[제주점순이네]제주 마늘 햇마늘 대사이즈 반접 한접 1kg 2.5kg 4.5kg 9kg [원산지:국산(제주특별자치도 서귀포시)],10,514000,17600,미존재 (누락),스마트스토어 상품/옵션 삭제 또는 8월 기획전 로우데이터 연동 누락
농산물,네이버,소유농장,208-22-52837,"국산 무농약 상황버섯진액 GAP인증 버섯즙 부모님선물 효도선물 45포, 1개 [원산지:국산(전라남도 고흥군)]",8,480000,0,미존재 (누락),스마트스토어 상품/옵션 삭제 또는 8월 기획전 로우데이터 연동 누락
농산물,네이버,(주)한마당,670-81-01262,[오동리팥죽] 국내산팥과 찹쌀로 만든 달지 않은 동지새알팥죽(680g 팥물상온보관) [원산지:국산],17,477000,9000,미존재 (누락),스마트스토어 상품/옵션 삭제 또는 8월 기획전 로우데이터 연동 누락
농산물,네이버,(주)한마당,670-81-01262,"[오동리 콩국물] 파주장단콩 걸쭉한 콩국수용 콩국물 300g, 500g (국산콩 100%) [원산지:국산(경기도 파주시)]",27,461800,10000,미존재 (누락),스마트스토어 상품/옵션 삭제 또는 8월 기획전 로우데이터 연동 누락
농산물,네이버,농업회사법인 랑이네세상 주식회사,488-88-03205,2kg 7분도 현미/25년 고시히카리 햅쌀/당일도정 특등급 선물용 정미소직판 [원산지:국산(인천광역시 강화군)],13,396100,0,미존재 (누락),스마트스토어 상품/옵션 삭제 또는 8월 기획전 로우데이터 연동 누락
농산물,네이버,감익는마을 천연식초,615-19-39008,감익는마을 7년숙성 천연 감식초 500ml x2 항아리발효 자연침전 무설탕 무첨가 [원산지:국산(경상남도 밀양시) 등],13,392200,13000,미존재 (누락),스마트스토어 상품/옵션 삭제 또는 8월 기획전 로우데이터 연동 누락
농산물,네이버,짱아찌네농장,280-90-00306,"당일수확 농장직송 생바질 스위트 식용허브 1kg, 1개 [원산지:국산(경기도 양평군)]",9,390000,66000,미존재 (누락),스마트스토어 상품/옵션 삭제 또는 8월 기획전 로우데이터 연동 누락
농산물,네이버,주식회사 강평농업회사법인,642-81-00628,고당도 스테비아 방울토마토 단마토 1kg 2kg 산지직송 스테비아토마토[비오채] [원산지:국산(충청남도 부여군)],23,383400,26080,미존재 (누락),스마트스토어 상품/옵션 삭제 또는 8월 기획전 로우데이터 연동 누락
농산물,네이버,농업회사법인 랑이네세상 주식회사,488-88-03205,옛가마니 선물용 쌀 2.5kg 25년 고시히카리 햅쌀 /당일도정 특등급/ 소포장 [원산지:국산(인천광역시 강화군)],12,362500,8020,미존재 (누락),스마트스토어 상품/옵션 삭제 또는 8월 기획전 로우데이터 연동 누락
농산물,네이버,제이제이,448-93-01936,청도 복숭아 왕특대과 특대과 특판전! (물복 딱복 부드러운 말랭이 말랑이 말랭 말랑 딱딱이 아삭이 털 복숭아) 4kg [원산지:국산(경상북도 청도군)],13,362300,12540,미존재 (누락),스마트스토어 상품/옵션 삭제 또는 8월 기획전 로우데이터 연동 누락
농산물,네이버,주식회사 시즌드시즌,677-87-02304,[시즌드시즌] 프리미엄 티하우스 카페인 없는 '사계'차 선물세트 [원산지:상세설명에 표시],3,340000,0,미존재 (누락),스마트스토어 상품/옵션 삭제 또는 8월 기획전 로우데이터 연동 누락
농산물,네이버,농업회사법인 유한회사 해오름팜농장,209-87-01228,농부가바로팜 무항생제 동물복지 유정란 40구 신선계란 난각번호2번 [원산지:국산(전라남도 나주시)],12,291800,8080,미존재 (누락),스마트스토어 상품/옵션 삭제 또는 8월 기획전 로우데이터 연동 누락
농산물,네이버,짱아찌네농장,280-90-00306,치커리 적치커리 쌈채소 샐러드야채 500g 1kg 농장직송 당일수확 [원산지:국산(경기도 양평군)],24,276500,3600,미존재 (누락),스마트스토어 상품/옵션 삭제 또는 8월 기획전 로우데이터 연동 누락
농산물,네이버,온드리 목장,519-33-01006,온드리목장 100g 무가당 꾸덕한 그릭요거트 산미없이 고소한 [원산지:국산(전라남도 화순군)],18,260500,6660,미존재 (누락),스마트스토어 상품/옵션 삭제 또는 8월 기획전 로우데이터 연동 누락
농산물,네이버,여주시농협조합공동사업법인,126-82-11620,"여주시농협RPC 대왕님표 여주쌀 현미 진상 당일도정 25년 햅쌀 10kg, 2개 [원산지:국산(경기도 여주시)]",3,242000,0,미존재 (누락),스마트스토어 상품/옵션 삭제 또는 8월 기획전 로우데이터 연동 누락
농산물,네이버,예다움곶감,540-96-00855,예다움 상주 곶감 혼합1호 가정의달 부모님 선물세트 반건시 대과 크림치즈호두말이 30과 [원산지:상세설명에 표시],4,220000,10000,미존재 (누락),스마트스토어 상품/옵션 삭제 또는 8월 기획전 로우데이터 연동 누락
농산물,네이버,예다움곶감,540-96-00855,상주 곶감 반건시 혼합 9구 15구 곶감단지 크림치즈 호두말이 디저트 실속형 선물세트 [원산지:상세설명에 표시],7,213800,11920,미존재 (누락),스마트스토어 상품/옵션 삭제 또는 8월 기획전 로우데이터 연동 누락
농산물,네이버,주식회사 드림엘링크,562-81-04158,이기순 명인의 순 열무김치 2kg 국산 열무 국내산 김치 맛집 주문 국수 냉면 프리미엄 [원산지:국산],11,177400,11840,미존재 (누락),스마트스토어 상품/옵션 삭제 또는 8월 기획전 로우데이터 연동 누락
농산물,네이버,피스팜,463-93-01691,경기G마크 GAP 저탄소 농산물 평화농원 먹골배 신고배 가공용 배즙용 요리용 15kg [원산지:국산(경기도 남양주시)],3,175000,0,미존재 (누락),스마트스토어 상품/옵션 삭제 또는 8월 기획전 로우데이터 연동 누락
농산물,네이버,농업회사법인 랑이네세상 주식회사,488-88-03205,"1kg 3개 선물세트(백미, 7분도) 25년 고시히카리 햅쌀/ 당일도정 특등급/소포장 [원산지:국산(인천광역시 강화군)]",5,162500,6540,미존재 (누락),스마트스토어 상품/옵션 삭제 또는 8월 기획전 로우데이터 연동 누락
농산물,네이버,토댁,510-90-49461,"토댁 성주 못난이참외 3kg, 1개 [원산지:국산(경상북도 성주군)]",6,148800,0,미존재 (누락),스마트스토어 상품/옵션 삭제 또는 8월 기획전 로우데이터 연동 누락
농산물,네이버,알찬연근팜,604-02-68674,복숭아 신비복숭아 신선 천도 딱딱이 옐로드림 복숭아 [예약판매] [원산지:국산(경상북도 경산시)],4,146120,3780,미존재 (누락),스마트스토어 상품/옵션 삭제 또는 8월 기획전 로우데이터 연동 누락
농산물,네이버,온드리 목장,519-33-01006,온드리목장 100g 무지방 무가당 그릭요거트 [원산지:국산(전라남도 화순군)],10,136600,12540,미존재 (누락),스마트스토어 상품/옵션 삭제 또는 8월 기획전 로우데이터 연동 누락
농산물,네이버,농업회사법인 랑이네세상 주식회사,488-88-03205,100g 낱개 25년 고시히카리 햅쌀 /당일도정 특등급/ 소포장 선물 캠핑용 [원산지:국산(인천광역시 강화군)],19,135800,0,미존재 (누락),스마트스토어 상품/옵션 삭제 또는 8월 기획전 로우데이터 연동 누락
농산물,네이버,농업회사법인 유한회사 해오름팜농장,209-87-01228,농부가바로팜 무항생제 동물복지 유정란 중란 60구 신선계란 난각번호2번 [원산지:국산(전라남도 나주시)],4,125500,6060,미존재 (누락),스마트스토어 상품/옵션 삭제 또는 8월 기획전 로우데이터 연동 누락
농산물,네이버,농업회사법인 유한회사 해오름팜농장,209-87-01228,농부가바로팜 무항생제 동물복지 유정란 혼합 60구(유30+중30) 신선계란 난각번호2번 [원산지:국산(전라남도 나주시)],3,121000,6280,미존재 (누락),스마트스토어 상품/옵션 삭제 또는 8월 기획전 로우데이터 연동 누락
농산물,네이버,신기농원,540-25-00229,2026 첫 수확 문경 햇체리 1kg [원산지:국산(경상북도 문경시)],3,119600,15980,미존재 (누락),스마트스토어 상품/옵션 삭제 또는 8월 기획전 로우데이터 연동 누락
농산물,네이버,짱아찌네농장,280-90-00306,"당일수확 농장직송 생바질 스위트 식용허브 500g, 1개 [원산지:국산(경기도 양평군)]",5,117000,12800,미존재 (누락),스마트스토어 상품/옵션 삭제 또는 8월 기획전 로우데이터 연동 누락
농산물,네이버,농업회사법인 랑이네세상 주식회사,488-88-03205,100g 14개입/25년 고시히카리 햅쌀 랑이네갓도정쌀 /소포장 선물 캠핑용 당일도정 특등급 [원산지:국산(인천광역시 강화군)],4,113400,0,미존재 (누락),스마트스토어 상품/옵션 삭제 또는 8월 기획전 로우데이터 연동 누락
농산물,네이버,주식회사 드림엘링크,562-81-04158,이기순 명인의 순 깍두기 2kg 국산 무 국내산 김치 맛집 주문 무김치 프리미엄 [원산지:국산],11,111800,4320,미존재 (누락),스마트스토어 상품/옵션 삭제 또는 8월 기획전 로우데이터 연동 누락
농산물,네이버,짱아찌네농장,280-90-00306,"당일수확 농장직송 생바질 스위트 식용허브 300g, 1개 [원산지:국산(경기도 양평군)]",5,103000,10000,미존재 (누락),스마트스토어 상품/옵션 삭제 또는 8월 기획전 로우데이터 연동 누락
농산물,네이버,주식회사 시즌드시즌,677-87-02304,"[7종 티백 보자기포장] 카페인없는차 프리미엄 7종 샘플러: 봄, 여름, 가을, 겨울, 아침, 오후, 밤 [원산지:상세설명에 표시]",1,98500,0,미존재 (누락),스마트스토어 상품/옵션 삭제 또는 8월 기획전 로우데이터 연동 누락
농산물,네이버,감익는마을 천연식초,615-19-39008,곶감 500g x 2통.씨없는 반건시.발효 눈꽃곶감.수제 건조.감익는마을 [원산지:국산(경상남도 밀양시)],2,96200,0,미존재 (누락),스마트스토어 상품/옵션 삭제 또는 8월 기획전 로우데이터 연동 누락
농산물,네이버,주식회사 시즌드시즌,677-87-02304,"[시즌드시즌 실속형 틴케이스 15TB] 카페인없는차_아침, 오후, 밤_프리미엄 티하우스 시즌드시즌 '하루'티 [원산지:상세설명에 표시]",3,87000,0,미존재 (누락),스마트스토어 상품/옵션 삭제 또는 8월 기획전 로우데이터 연동 누락
농산물,네이버,(주)페어베이커리,116-81-97167,우리밀 한입스콘 플레인 초코칩 바다김 오트밀레이즌 쑥고물 구움과자 5종 세트 [원산지:국산(경기도 부천시)],2,85260,0,미존재 (누락),스마트스토어 상품/옵션 삭제 또는 8월 기획전 로우데이터 연동 누락
농산물,네이버,(주)한마당,670-81-01262,[오동리 들기름막국수]글루텐프리 No밀가루 쫄깃한 식감의 국내산 100%메밀 막국수 [원산지:국산],2,80000,10000,미존재 (누락),스마트스토어 상품/옵션 삭제 또는 8월 기획전 로우데이터 연동 누락
농산물,네이버,예다움곶감,540-96-00855,예다움 상주곶감 VIP 2호 가정의달 부모님 선물세트 왕반건시 곶감단지 크림치즈말이 36과 [원산지:상세설명에 표시],1,79000,0,미존재 (누락),스마트스토어 상품/옵션 삭제 또는 8월 기획전 로우데이터 연동 누락
농산물,네이버,예다움곶감,540-96-00855,예다움 상주 곶감 VIP 3호 명절 가정의달 부모님 선물세트 특대 반건시 40과 [원산지:국산(경상북도 상주시) 등],1,78500,0,미존재 (누락),스마트스토어 상품/옵션 삭제 또는 8월 기획전 로우데이터 연동 누락
농산물,네이버,예다움곶감,540-96-00855,예다움 상주 곶감 VIP 1호 가정의달 선물세트 특대 반건시 곶감단지 크림치즈말이 40과 [원산지:상세설명에 표시],1,74500,0,미존재 (누락),스마트스토어 상품/옵션 삭제 또는 8월 기획전 로우데이터 연동 누락
농산물,네이버,농업회사법인 유한회사 해오름팜농장,209-87-01228,농부가바로팜 무항생제 동물복지 구운유정란 60구 신선계란 난각번호2번 [원산지:국산(전라남도 나주시)],3,67500,0,미존재 (누락),스마트스토어 상품/옵션 삭제 또는 8월 기획전 로우데이터 연동 누락
농산물,네이버,주식회사 드림엘링크,562-81-04158,이기순 명인의 순 석박지 2kg 국산 무 국내산 김치 맛집 주문 무김치 프리미엄 [원산지:국산],4,64700,6480,미존재 (누락),스마트스토어 상품/옵션 삭제 또는 8월 기획전 로우데이터 연동 누락
농산물,네이버,농업회사법인 랑이네세상 주식회사,488-88-03205,1kg 선물용 와인상자/25년 고시히카리 햅쌀/당일도정 특등급 선물용 정미소직판 [원산지:국산(인천광역시 강화군)],2,61100,2740,미존재 (누락),스마트스토어 상품/옵션 삭제 또는 8월 기획전 로우데이터 연동 누락
농산물,네이버,예다움곶감,540-96-00855,예다움 상주 곶감 혼합2호 가정의달 부모님 상견례 선물세트 반건시 대과 곶감단지 30과 [원산지:상세설명에 표시],1,60000,0,미존재 (누락),스마트스토어 상품/옵션 삭제 또는 8월 기획전 로우데이터 연동 누락
농산물,네이버,주식회사 시즌드시즌,677-87-02304,"[시즌드시즌 실속형 틴케이스 15TB] 카페인없는차_봄, 여름, 가을, 겨울_프리미엄 티하우스 시즌드시즌 '사계'티 [원산지:상세설명에 표시]",2,58000,0,미존재 (누락),스마트스토어 상품/옵션 삭제 또는 8월 기획전 로우데이터 연동 누락
농산물,네이버,소유농장,208-22-52837,"국산 무농약 상황버섯진액 GAP인증 버섯즙 부모님선물 효도선물 25포, 1개 [원산지:국산(전라남도 고흥군)]",2,58000,0,미존재 (누락),스마트스토어 상품/옵션 삭제 또는 8월 기획전 로우데이터 연동 누락
농산물,네이버,주식회사 드림엘링크,562-81-04158,이기순 명인의 순 맛김치 2kg 국산 배추 국내산 맛집 주문 절단 썰은김치 프리미엄 [원산지:국산],4,55000,0,미존재 (누락),스마트스토어 상품/옵션 삭제 또는 8월 기획전 로우데이터 연동 누락
농산물,네이버,농업회사법인(주)새나라,792-88-00316,국내산 냉동 닭고기 닭목살 1kg 생닭목살구이 닭특수부위 [원산지:국산],6,53440,6690,미존재 (누락),스마트스토어 상품/옵션 삭제 또는 8월 기획전 로우데이터 연동 누락
농산물,네이버,예다움곶감,540-96-00855,예다움 상주 곶감 정3호 가정의달 부모님 상견례 선물세트 반건시 크림치즈호두말이 30과 [원산지:상세설명에 표시],1,42800,0,미존재 (누락),스마트스토어 상품/옵션 삭제 또는 8월 기획전 로우데이터 연동 누락
농산물,네이버,예다움곶감,540-96-00855,예다움 상주 곶감 반건시 정2호 명절 가정의달 부모님 상견례 선물세트 30과 [원산지:국산(경상북도 상주시)],1,42300,0,미존재 (누락),스마트스토어 상품/옵션 삭제 또는 8월 기획전 로우데이터 연동 누락
농산물,네이버,(주)한마당,670-81-01262,[오동리 메밀면콩국수]파주장단콩과 글루텐프리 국산 100%메밀숙면(660g 콩물실온보관) [원산지:국산(경기도 파주시)],2,42000,0,미존재 (누락),스마트스토어 상품/옵션 삭제 또는 8월 기획전 로우데이터 연동 누락
농산물,네이버,(주)한마당,670-81-01262,[오동리 건강한팥물]국내산 팥으로 만든 항산성UP 무설탕 무소금 팥물(상온보관 500ml) [원산지:국산],2,36500,0,미존재 (누락),스마트스토어 상품/옵션 삭제 또는 8월 기획전 로우데이터 연동 누락
농산물,네이버,농업회사법인 유한회사 해오름팜농장,209-87-01228,농부가바로팜 무항생제 동물복지 유정란 유구 혼합 60구 신선계란 난각번호2번 [원산지:국산(전라남도 나주시)],1,35000,7000,미존재 (누락),스마트스토어 상품/옵션 삭제 또는 8월 기획전 로우데이터 연동 누락
농산물,네이버,농업회사법인 랑이네세상 주식회사,488-88-03205,200g 낱개 25년 고시히카리 햅쌀 /당일도정 특등급/소포장 선물 캠핑용 [원산지:국산(인천광역시 강화군)],2,30000,0,미존재 (누락),스마트스토어 상품/옵션 삭제 또는 8월 기획전 로우데이터 연동 누락
농산물,네이버,주식회사 드림엘링크,562-81-04158,이기순 명인의 순 총각김치 2kg 국산 총각무 국내산 맛집 주문 무청 알타리 아삭 프리미엄 [원산지:국산],2,29600,2960,미존재 (누락),스마트스토어 상품/옵션 삭제 또는 8월 기획전 로우데이터 연동 누락
농산물,네이버,농업회사법인 랑이네세상 주식회사,488-88-03205,100g 7개입/25년 고시히카리 햅쌀 랑이네갓도정쌀 /소포장 선물 캠핑용 당일도정 특등급 [원산지:국산(인천광역시 강화군)],2,25700,0,미존재 (누락),스마트스토어 상품/옵션 삭제 또는 8월 기획전 로우데이터 연동 누락
농산물,네이버,짱아찌네농장,280-90-00306,"당일수확 농장직송 생바질 스위트 식용허브 100g, 1개 [원산지:국산(경기도 양평군)]",1,4500,0,미존재 (누락),스마트스토어 상품/옵션 삭제 또는 8월 기획전 로우데이터 연동 누락
농산물,네이버,농업회사법인 곤충킹주식회사,268-86-01730,고단백 고소애 초코칩쿠키(1개) 프로틴 간식 식용 곤충 밀웜 쿠키 어린이 영양간식 [원산지:국산(경기도)],1,4000,0,미존재 (누락),스마트스토어 상품/옵션 삭제 또는 8월 기획전 로우데이터 연동 누락
